Resid,Replica1,Replica2,Replica3
337.0,0.3224,0.7477,1.3972
338.0,0.2626,0.5746,1.3982
339.0,0.2361,0.5018,1.2449
340.0,0.2365,0.3439,1.1787
341.0,0.3206,0.2005,0.9181
342.0,0.3762,0.2705,0.8473
343.0,0.343,0.237,0.6449
344.0,0.2832,0.284,0.5803
345.0,0.3376,0.3121,0.4915
346.0,0.1647,0.4087,0.4136
347.0,0.1254,0.3419,0.2695
348.0,0.141,0.4027,0.2623
349.0,0.1481,0.4369,0.3692
350.0,0.145,0.3419,0.2816
351.0,0.1149,0.3379,0.2857
352.0,0.1334,0.2471,0.3425
353.0,0.1054,0.1882,0.2624
354.0,0.1752,0.1956,0.2623
355.0,0.1389,0.1321,0.1987
356.0,0.1482,0.1184,0.2143
357.0,0.1399,0.1081,0.1885
358.0,0.2455,0.1485,0.3072
359.0,0.1994,0.0965,0.2982
360.0,0.2473,0.1349,0.3839
361.0,0.315,0.1813,0.3683
362.0,0.3021,0.1792,0.3095
363.0,0.2803,0.1613,0.2743
364.0,0.3043,0.2421,0.3977
365.0,0.1911,0.122,0.347
366.0,0.188,0.1294,0.2632
367.0,0.1736,0.1194,0.2783
368.0,0.1814,0.1133,0.2134
369.0,0.2461,0.1314,0.3131
370.0,0.1775,0.1463,0.2217
371.0,0.3284,0.3481,0.3304
372.0,0.1226,0.1933,0.1751
373.0,0.1968,0.2416,0.2495
374.0,0.133,0.1681,0.1569
375.0,0.2119,0.2283,0.2586
376.0,0.1191,0.1989,0.1745
377.0,0.0985,0.1137,0.1748
378.0,0.106,0.101,0.2448
379.0,0.1609,0.2262,0.2896
380.0,0.1084,0.1098,0.2857
381.0,0.1135,0.0864,0.3068
382.0,0.1409,0.1113,0.3382
383.0,0.1791,0.2037,0.402
384.0,0.1243,0.1123,0.325
385.0,0.1306,0.116,0.3623
386.0,0.1386,0.1401,0.4583
387.0,0.1752,0.1767,0.4454
388.0,0.2447,0.1993,0.376
389.0,0.2713,0.3376,0.3813
390.0,0.277,0.2202,0.2192
391.0,0.3316,0.3591,0.2354
392.0,0.3286,0.346,0.2415
393.0,0.2478,0.2945,0.2313
394.0,0.185,0.163,0.2016
395.0,0.0923,0.1577,0.1945
396.0,0.095,0.1066,0.2646
397.0,0.1267,0.1406,0.2868
398.0,0.1159,0.166,0.2352
399.0,0.0886,0.1252,0.2069
400.0,0.1343,0.1068,0.2868
401.0,0.1978,0.2267,0.3272
402.0,0.1733,0.1867,0.2468
403.0,0.1426,0.1542,0.223
404.0,0.2058,0.2728,0.3036
405.0,0.1755,0.2555,0.2744
406.0,0.1277,0.2008,0.2847
407.0,0.1661,0.2078,0.2593
408.0,0.1423,0.1688,0.2279
409.0,0.1157,0.0994,0.2701
410.0,0.1903,0.17,0.3059
411.0,0.2003,0.1527,0.2201
412.0,0.1875,0.1182,0.2247
413.0,0.1109,0.1058,0.1859
414.0,0.1766,0.1993,0.2684
415.0,0.0959,0.1454,0.2127
416.0,0.0765,0.1218,0.1834
417.0,0.1189,0.1571,0.2396
418.0,0.1536,0.1605,0.255
419.0,0.2096,0.2089,0.3842
420.0,0.267,0.2234,0.4317
421.0,0.2082,0.2064,0.4699
422.0,0.2376,0.2282,0.473
423.0,0.286,0.2888,0.5951
424.0,0.2679,0.2228,0.4362
425.0,0.4728,0.2069,0.5377
426.0,0.4193,0.2306,0.3604
427.0,0.2128,0.1828,0.3407
428.0,0.2162,0.1782,0.365
429.0,0.1677,0.1987,0.2584
430.0,0.0895,0.1662,0.1933
431.0,0.0818,0.1729,0.1929
432.0,0.0997,0.1936,0.1927
433.0,0.1004,0.1501,0.2344
434.0,0.2108,0.18,0.3142
435.0,0.4954,0.3133,0.4028
436.0,0.3873,0.3756,0.4484
437.0,0.5589,0.5228,0.5986
